id,first_name,last_name,email,gender,ip_address
1,Gilberte,Saberton,gsaberton0@newyorker.com,Female,80.156.15.210
2,Freddie,Sprigging,fsprigging1@ted.com,Female,29.201.165.252
3,Cyril,Kidgell,ckidgell2@ucoz.ru,Male,148.69.94.140
4,Hermie,Pinckstone,hpinckstone3@g.co,Male,247.133.175.60
5,Johnna,Menichi,jmenichi4@wikia.com,Female,244.58.235.231
6,Heidie,Ferrige,hferrige5@forbes.com,Female,206.78.0.66
7,Bealle,Hickisson,bhickisson6@salon.com,Male,83.53.166.1
8,Val,Van Leeuwen,vvanleeuwen7@berkeley.edu,Agender,123.95.152.222
9,Merrie,Wallsam,mwallsam8@alexa.com,Female,241.118.51.238
10,Hatty,MacAnespie,hmacanespie9@newyorker.com,Female,142.72.73.30
11,Brant,Brand-Hardy,bbrandhardya@wufoo.com,Genderfluid,85.251.23.160
12,Byrann,Wahlberg,bwahlbergb@jimdo.com,Male,244.109.140.28
13,Zedekiah,Rowney,zrowneyc@tripadvisor.com,Male,22.228.208.162
14,Wesley,Onians,woniansd@cocolog-nifty.com,Male,4.235.210.7
15,Timmi,Strethill,tstrethille@japanpost.jp,Female,202.20.198.57
16,Janna,Huckabe,jhuckabef@yahoo.co.jp,Female,225.87.89.115
17,Conn,Eagan,ceagang@squidoo.com,Male,227.3.121.51
18,Jillane,Eves,jevesh@wikimedia.org,Polygender,22.243.44.153
19,Rachele,Guillford,rguillfordi@dot.gov,Female,125.129.3.155
20,Gladys,Sedgeworth,gsedgeworthj@theatlantic.com,Polygender,147.152.193.107
21,Janene,Askew,jaskewk@alibaba.com,Polygender,234.179.143.120
22,Esmeralda,Carpmile,ecarpmilel@cpanel.net,Female,16.244.4.39
23,Levy,Lanbertoni,llanbertonim@comsenz.com,Male,82.3.239.170
24,Viv,Bartolomeu,vbartolomeun@woothemes.com,Female,21.113.104.205
25,Ellary,Duns,edunso@chronoengine.com,Male,79.68.169.246
26,Iormina,Newman,inewmanp@tiny.cc,Female,194.141.131.9
27,Nana,Britian,nbritianq@goo.gl,Female,192.99.7.151
28,Jobina,Rawsthorne,jrawsthorner@canalblog.com,Female,230.26.108.225
29,Conn,Karleman,ckarlemans@geocities.jp,Agender,2.205.19.68
30,Eddie,Bale,ebalet@wiley.com,Male,242.148.154.56
31,Lanna,Kearsley,lkearsleyu@gravatar.com,Female,134.147.198.207
32,Sheppard,Doale,sdoalev@uiuc.edu,Male,28.25.61.234
33,Montague,Mattiello,mmattiellow@privacy.gov.au,Male,191.107.118.183
34,Irene,Conti,icontix@cmu.edu,Female,108.168.20.119
35,Nyssa,Bulmer,nbulmery@slate.com,Female,101.218.15.10
36,Kit,Coleby,kcolebyz@abc.net.au,Male,89.34.98.22
37,Robinett,Iseton,riseton10@comsenz.com,Female,27.211.60.158
38,Vania,Diable,vdiable11@youku.com,Bigender,166.66.122.209
39,Averil,Arr,aarr12@alibaba.com,Male,117.93.158.43
40,Constantin,Chitham,cchitham13@amazon.co.uk,Male,200.228.77.7
41,Wat,Frankland,wfrankland14@discuz.net,Male,181.121.123.208
42,Edwin,Prater,eprater15@whitehouse.gov,Polygender,184.105.175.149
43,Nomi,Chatan,nchatan16@abc.net.au,Non-binary,187.108.9.72
44,Lind,Ingleson,lingleson17@squidoo.com,Male,59.96.6.26
45,Zola,Cianni,zcianni18@joomla.org,Female,222.144.251.241
46,Tyler,Lewty,tlewty19@hubpages.com,Male,253.103.210.105
47,Janella,Son,json1a@bloomberg.com,Female,168.138.84.154
48,Joaquin,Aggio,jaggio1b@desdev.cn,Male,58.76.226.71
49,Bernard,Tamburo,btamburo1c@stumbleupon.com,Male,31.5.59.59
50,Karina,Coatts,kcoatts1d@samsung.com,Agender,105.96.129.218
51,Venus,Tern,vtern1e@dmoz.org,Female,47.225.36.202
52,Petra,Van der Kruijs,pvanderkruijs1f@slideshare.net,Female,34.78.100.147
53,Rebekah,Kobisch,rkobisch1g@flavors.me,Female,118.143.254.39
54,Sampson,Galiford,sgaliford1h@hao123.com,Male,79.232.66.47
55,Thorstein,Leicester,tleicester1i@ycombinator.com,Male,9.24.59.89
56,Lanita,Swinbourne,lswinbourne1j@seattletimes.com,Female,100.47.41.28
57,Curtice,Gouthier,cgouthier1k@multiply.com,Genderfluid,88.215.240.13
58,Averill,Cowdrey,acowdrey1l@cdc.gov,Male,110.14.29.24
59,Ely,Franc,efranc1m@drupal.org,Male,201.124.26.188
60,Adelaida,Ravenshaw,aravenshaw1n@dailymotion.com,Female,55.222.22.68
61,Myrtle,O'Hickee,mohickee1o@epa.gov,Female,137.152.161.127
62,Patrick,Ducker,pducker1p@illinois.edu,Male,197.213.217.242
63,Katerina,Drynan,kdrynan1q@imageshack.us,Female,85.214.208.46
64,Tymon,Blything,tblything1r@fotki.com,Male,41.112.49.238
65,Katey,Jonson,kjonson1s@google.ca,Female,22.210.171.191
66,Zandra,Benting,zbenting1t@mediafire.com,Female,90.130.200.137
67,Irwinn,Purveys,ipurveys1u@lycos.com,Male,82.22.46.1
68,Burk,Lernihan,blernihan1v@sciencedirect.com,Male,184.42.138.175
69,Bertrand,Schrei,bschrei1w@admin.ch,Male,210.151.96.209
70,Land,Gooble,lgooble1x@themeforest.net,Male,120.136.232.76
71,Desirae,Dix,ddix1y@indiatimes.com,Female,218.158.39.94
72,Iver,Rasor,irasor1z@artisteer.com,Male,29.58.110.15
73,Belva,Luard,bluard20@nyu.edu,Female,98.72.11.20
74,Merwyn,Daid,mdaid21@trellian.com,Male,237.91.11.126
75,Wake,Hurworth,whurworth22@naver.com,Male,1.209.152.251
76,Kristi,Burborough,kburborough23@examiner.com,Female,204.93.227.114
77,Keenan,Cashin,kcashin24@cocolog-nifty.com,Genderfluid,146.29.195.232
78,Chiquia,Bachelor,cbachelor25@amazon.co.uk,Female,142.219.88.28
79,Manfred,Summerlie,msummerlie26@narod.ru,Male,130.60.136.163
80,Ava,Ellerey,aellerey27@cnn.com,Female,80.34.154.23
81,Freddie,Tawton,ftawton28@reverbnation.com,Male,252.145.152.214
82,Becky,Darell,bdarell29@addtoany.com,Female,199.101.255.83
83,Modesty,Izakoff,mizakoff2a@behance.net,Female,189.191.226.124
84,Joli,Keller,jkeller2b@theglobeandmail.com,Female,106.119.206.250
85,Elly,Kurth,ekurth2c@google.ru,Female,187.159.172.65
86,Daisi,Francklin,dfrancklin2d@abc.net.au,Female,137.175.144.182
87,Arlyn,Dearle-Palser,adearlepalser2e@businesswire.com,Bigender,81.90.12.100
88,Barri,Stute,bstute2f@weibo.com,Male,239.75.42.175
89,Thorn,Agneau,tagneau2g@tripod.com,Male,149.156.170.187
90,Mallissa,Ledram,mledram2h@bloglines.com,Female,173.86.97.159
91,Nicola,Whipp,nwhipp2i@infoseek.co.jp,Male,134.215.161.145
92,Carilyn,Fowkes,cfowkes2j@theguardian.com,Female,44.101.55.32
93,Randa,Voules,rvoules2k@de.vu,Female,149.184.48.47
94,Lynnell,Gwalter,lgwalter2l@rakuten.co.jp,Polygender,235.140.119.208
95,Emmi,Waldrum,ewaldrum2m@yandex.ru,Female,6.4.13.171
96,Erda,Ivasechko,eivasechko2n@nymag.com,Female,141.22.4.17
97,Kelli,Triswell,ktriswell2o@cbc.ca,Genderqueer,61.22.43.80
98,Frasier,Copes,fcopes2p@homestead.com,Agender,201.138.15.196
99,Traver,Bowmer,tbowmer2q@meetup.com,Male,2.39.203.1
100,Grace,Cholton,gcholton2r@yale.edu,Male,87.194.212.235
101,Camel,Pickover,cpickover2s@hao123.com,Female,101.67.173.13
102,Urbanus,Piff,upiff2t@cafepress.com,Male,163.86.43.58
103,Arleyne,Dronsfield,adronsfield2u@w3.org,Female,70.59.79.117
104,Trenton,Trudgeon,ttrudgeon2v@theguardian.com,Male,92.253.198.92
105,Jorge,Puckett,jpuckett2w@sbwire.com,Male,40.61.49.18
106,Falito,Bridgman,fbridgman2x@samsung.com,Male,195.187.148.29
107,Terrie,Colisbe,tcolisbe2y@alexa.com,Female,235.180.161.184
108,Minnaminnie,McGrill,mmcgrill2z@nih.gov,Female,88.56.151.175
109,Ardra,Pearson,apearson30@sun.com,Female,199.220.183.127
110,Kaycee,Oleksinski,koleksinski31@prweb.com,Female,7.204.64.162
111,Vanna,Nieass,vnieass32@exblog.jp,Female,127.93.150.245
112,Norri,Yegorev,nyegorev33@aboutads.info,Female,7.114.8.106
113,Conney,Rhydderch,crhydderch34@pagesperso-orange.fr,Male,216.45.113.93
114,Reinaldos,Caselli,rcaselli35@weebly.com,Male,10.95.29.28
115,Christyna,Golling,cgolling36@vk.com,Female,31.210.195.181
116,Veronica,Casier,vcasier37@thetimes.co.uk,Agender,168.209.34.120
117,Chicky,Bachnic,cbachnic38@google.com.hk,Male,54.160.64.114
118,Rustie,Mandrier,rmandrier39@admin.ch,Male,158.101.254.217
119,Cort,Bains,cbains3a@bravesites.com,Male,59.251.25.183
120,Sayres,McInility,smcinility3b@topsy.com,Male,19.208.54.116
121,Sonnie,Berni,sberni3c@google.nl,Female,69.170.73.76
122,Elka,Scarffe,escarffe3d@sina.com.cn,Agender,169.124.94.211
123,Dyane,Rickword,drickword3e@fema.gov,Female,83.254.85.195
124,Ron,Le - Count,rlecount3f@sphinn.com,Genderqueer,186.116.38.252
125,Sashenka,Scolding,sscolding3g@europa.eu,Female,32.90.136.131
126,Judith,Luckcock,jluckcock3h@jugem.jp,Female,233.34.225.194
127,Helen-elizabeth,Saer,hsaer3i@netscape.com,Female,106.223.151.217
128,Patricia,Stuffins,pstuffins3j@ihg.com,Female,237.114.160.129
129,Drucy,Van Hove,dvanhove3k@cnn.com,Agender,48.240.141.137
130,Jud,Bart,jbart3l@google.com.br,Male,228.26.182.77
131,Cornell,Kristoffersen,ckristoffersen3m@hibu.com,Male,238.197.3.4
132,Kari,Wescott,kwescott3n@google.fr,Agender,115.217.140.234
133,Wenona,Wasielewski,wwasielewski3o@npr.org,Female,180.125.186.218
134,Cora,Coney,cconey3p@weebly.com,Female,175.214.33.18
135,Bellanca,Frickey,bfrickey3q@fda.gov,Female,217.1.192.165
136,Elliott,Workman,eworkman3r@booking.com,Male,78.105.240.148
137,Bette,Kerr,bkerr3s@ocn.ne.jp,Female,209.112.54.62
138,Domenico,Upston,dupston3t@springer.com,Male,128.243.8.88
139,Binnie,Belly,bbelly3u@slideshare.net,Polygender,71.170.154.189
140,Jacquelynn,Kinson,jkinson3v@gov.uk,Female,160.39.3.14
141,Rosella,Blackborow,rblackborow3w@npr.org,Female,240.135.233.119
142,Roderic,Mowen,rmowen3x@ucsd.edu,Polygender,13.17.186.51
143,Lauraine,Skully,lskully3y@wikia.com,Polygender,198.213.65.144
144,Joelie,Porte,jporte3z@goo.ne.jp,Female,105.163.228.54
145,Gabriela,Gilstoun,ggilstoun40@mapy.cz,Female,67.132.191.15
146,Garrek,McKean,gmckean41@ucsd.edu,Male,11.206.119.224
147,Janaye,Holywell,jholywell42@cmu.edu,Female,180.242.217.141
148,Sharline,Yanele,syanele43@independent.co.uk,Female,179.77.35.86
149,Trudy,Chastelain,tchastelain44@nydailynews.com,Female,149.180.177.123
150,Shelli,Cheel,scheel45@cbslocal.com,Female,47.207.126.88
151,Lorry,Berkery,lberkery46@people.com.cn,Male,24.159.104.122
152,Olag,Whicher,owhicher47@blogger.com,Male,134.222.171.18
153,Mable,Dulling,mdulling48@quantcast.com,Female,198.24.65.150
154,Burke,Verrill,bverrill49@miibeian.gov.cn,Male,104.0.254.145
155,Tonie,Lemoir,tlemoir4a@wikia.com,Polygender,243.136.56.44
156,Thomasa,Connal,tconnal4b@dedecms.com,Female,32.175.52.204
157,Tann,Synke,tsynke4c@wordpress.org,Male,20.167.131.34
158,Lauree,Tomowicz,ltomowicz4d@4shared.com,Female,225.151.66.119
159,Ulrica,MacDunleavy,umacdunleavy4e@smh.com.au,Female,231.61.224.80
160,Forster,Jullian,fjullian4f@samsung.com,Male,159.100.7.147
161,Flemming,Spellard,fspellard4g@youku.com,Male,99.206.111.85
162,Rosella,Hampton,rhampton4h@cornell.edu,Female,204.65.64.17
163,Kaspar,Daymont,kdaymont4i@technorati.com,Male,214.242.0.78
164,Joe,Dolphin,jdolphin4j@cocolog-nifty.com,Male,233.138.182.183
165,Staci,Frangello,sfrangello4k@gmpg.org,Female,4.62.10.163
166,Doroteya,Sandbrook,dsandbrook4l@domainmarket.com,Female,49.170.159.64
167,Kelwin,Mitro,kmitro4m@live.com,Male,214.193.233.226
168,Milo,MacKibbon,mmackibbon4n@so-net.ne.jp,Male,248.186.222.213
169,Fabian,Thow,fthow4o@nationalgeographic.com,Male,238.2.222.201
170,Vanda,Brind,vbrind4p@yellowbook.com,Female,252.67.24.106
171,Aeriell,McGaughey,amcgaughey4q@usa.gov,Female,123.167.200.254
172,Chantalle,MacMickan,cmacmickan4r@nasa.gov,Non-binary,222.175.176.251
173,Amalie,Borel,aborel4s@macromedia.com,Female,148.20.193.179
174,Vale,Claiden,vclaiden4t@cdbaby.com,Male,41.199.214.43
175,Stanislaw,McGenn,smcgenn4u@geocities.com,Male,199.110.102.176
176,Felice,Braitling,fbraitling4v@amazonaws.com,Female,76.70.44.91
177,Ralph,Rapelli,rrapelli4w@cloudflare.com,Male,84.99.65.56
178,Jedidiah,Jarmain,jjarmain4x@washington.edu,Male,79.157.101.118
179,Alain,Blamire,ablamire4y@simplemachines.org,Male,205.134.32.252
180,Erich,Keers,ekeers4z@tripod.com,Male,12.196.23.211
181,Arnie,Shepley,ashepley50@wikipedia.org,Male,66.51.81.70
182,Nicky,Bembrick,nbembrick51@state.gov,Female,184.21.196.111
183,Brenn,McIlwreath,bmcilwreath52@ebay.com,Female,156.80.4.180
184,Lola,Boarder,lboarder53@t-online.de,Female,55.101.236.175
185,Lonna,Borzone,lborzone54@oaic.gov.au,Female,94.203.220.128
186,Rubie,Casson,rcasson55@businessweek.com,Female,140.143.63.237
187,Drake,Lelliott,dlelliott56@geocities.jp,Male,214.174.163.46
188,Guglielma,Ranner,granner57@google.com.br,Female,211.90.176.216
189,Shani,Magrane,smagrane58@merriam-webster.com,Female,9.250.122.247
190,Thayne,Gookey,tgookey59@imdb.com,Male,167.7.18.58
191,Enoch,Salatino,esalatino5a@ameblo.jp,Male,252.106.180.64
192,Joli,Porson,jporson5b@hatena.ne.jp,Female,43.136.131.58
193,Peta,Roust,proust5c@istockphoto.com,Female,159.234.12.251
194,Jordon,Valens-Smith,jvalenssmith5d@altervista.org,Genderfluid,234.246.162.196
195,Meir,Steabler,msteabler5e@ucla.edu,Male,152.206.119.52
196,Edy,Schuler,eschuler5f@icio.us,Female,230.92.219.57
197,Dane,Gooder,dgooder5g@parallels.com,Male,88.220.192.60
198,Oona,Swainson,oswainson5h@ucsd.edu,Female,214.8.105.211
199,Alvis,Hartzenberg,ahartzenberg5i@adobe.com,Male,27.116.156.98
200,Greta,Baldung,gbaldung5j@miitbeian.gov.cn,Female,17.19.232.146
201,Catharine,Carville,ccarville5k@washington.edu,Female,58.253.232.118
202,Orsola,Molian,omolian5l@so-net.ne.jp,Female,42.103.149.1
203,Ellynn,Zuker,ezuker5m@princeton.edu,Female,131.108.114.226
204,Tadd,Jelks,tjelks5n@seattletimes.com,Male,171.23.58.58
205,Delphine,Trewhela,dtrewhela5o@skyrock.com,Female,245.0.144.157
206,Pierre,Postance,ppostance5p@tripadvisor.com,Male,62.179.116.74
207,Rochester,Kirwan,rkirwan5q@constantcontact.com,Male,134.208.200.101
208,Marrissa,O'Doran,modoran5r@homestead.com,Female,62.146.243.185
209,Clayson,Tilley,ctilley5s@de.vu,Male,233.52.79.86
210,Maisie,Travis,mtravis5t@google.fr,Non-binary,35.93.70.248
211,Rodolphe,Plose,rplose5u@who.int,Male,33.144.238.167
212,Franz,Franca,ffranca5v@usgs.gov,Male,236.14.195.112
213,Dix,Mattis,dmattis5w@symantec.com,Female,176.234.14.152
214,Joeann,Carress,jcarress5x@mit.edu,Female,241.70.60.255
215,Alexandre,Kingstne,akingstne5y@t.co,Male,23.206.145.119
216,Bibbye,Patnelli,bpatnelli5z@loc.gov,Female,100.133.194.246
217,Waiter,Tulk,wtulk60@mit.edu,Male,252.27.178.88
218,Francine,Kidder,fkidder61@fotki.com,Female,192.196.189.208
219,Rey,Mompesson,rmompesson62@auda.org.au,Female,161.25.239.117
220,Linn,McCorry,lmccorry63@ustream.tv,Bigender,66.180.35.22
221,Langsdon,Pasby,lpasby64@answers.com,Male,69.165.63.57
222,Araldo,Praundl,apraundl65@infoseek.co.jp,Male,34.131.236.127
223,Mikkel,Dawney,mdawney66@4shared.com,Male,142.213.189.128
224,Guthrey,Shirlaw,gshirlaw67@arstechnica.com,Male,58.133.229.142
225,Mable,Lakin,mlakin68@deviantart.com,Agender,226.148.36.136
226,Feliza,Aysik,faysik69@jalbum.net,Female,51.135.136.178
227,Ermanno,Grahlmans,egrahlmans6a@nbcnews.com,Male,4.11.194.137
228,Lockwood,De Brett,ldebrett6b@scientificamerican.com,Male,184.15.103.96
229,Allegra,Bettles,abettles6c@dropbox.com,Female,83.88.133.149
230,Celle,Vassie,cvassie6d@microsoft.com,Female,124.74.77.196
231,Corabelle,Heynen,cheynen6e@opensource.org,Non-binary,31.250.108.239
232,Rossie,Gregs,rgregs6f@godaddy.com,Male,111.241.104.252
233,Hugo,Ripley,hripley6g@opensource.org,Male,34.74.58.180
234,Etheline,Waszczyk,ewaszczyk6h@timesonline.co.uk,Female,106.112.6.166
235,Neron,McIlwrath,nmcilwrath6i@youku.com,Male,226.109.22.98
236,Julian,Jackman,jjackman6j@google.ca,Male,155.243.179.112
237,Ikey,Leacy,ileacy6k@google.com,Male,36.43.26.52
238,Gawain,Banck,gbanck6l@abc.net.au,Male,204.199.234.45
239,Tiffie,Hawkeswood,thawkeswood6m@biblegateway.com,Female,24.208.8.160
240,Corenda,Stannus,cstannus6n@ustream.tv,Female,102.219.234.253
241,Ashbey,Delacroix,adelacroix6o@fda.gov,Male,225.0.235.190
242,Dallas,Phinnis,dphinnis6p@gravatar.com,Male,237.180.45.208
243,Kiele,Shergill,kshergill6q@yellowbook.com,Female,50.103.130.234
244,Kerrin,Ivett,kivett6r@sciencedaily.com,Bigender,61.170.74.207
245,Wye,McKeurton,wmckeurton6s@people.com.cn,Male,42.113.189.249
246,Cammy,Cashford,ccashford6t@loc.gov,Male,200.212.245.134
247,Tom,O' Lone,tolone6u@prnewswire.com,Male,49.221.107.77
248,Laurens,De Brett,ldebrett6v@google.com.au,Male,204.160.38.126
249,Cherice,Ryder,cryder6w@t-online.de,Female,98.81.217.186
250,Roseanna,Grzes,rgrzes6x@intel.com,Female,111.121.250.115
251,Hebert,Laxen,hlaxen6y@sitemeter.com,Male,73.207.200.135
252,Carlynne,Andersen,candersen6z@princeton.edu,Female,140.12.199.240
253,Malva,Haylor,mhaylor70@disqus.com,Female,3.241.239.129
254,Honoria,Brogi,hbrogi71@princeton.edu,Bigender,59.93.202.118
255,Alair,Robrow,arobrow72@vinaora.com,Male,25.39.222.222
256,Leslie,Earp,learp73@auda.org.au,Male,39.129.223.234
257,Mathew,Shord,mshord74@dion.ne.jp,Male,142.144.117.213
258,Storm,Bottomley,sbottomley75@jigsy.com,Female,130.68.194.199
259,Christalle,Syvret,csyvret76@who.int,Bigender,215.55.26.163
260,Montgomery,Halle,mhalle77@noaa.gov,Male,210.176.163.8
261,Billy,Steddall,bsteddall78@timesonline.co.uk,Male,129.214.32.42
262,Reynold,Danilovitch,rdanilovitch79@symantec.com,Male,118.143.9.201
263,Angil,Abbate,aabbate7a@example.com,Female,56.132.161.10
264,Malynda,Sissot,msissot7b@samsung.com,Female,160.88.9.193
265,Yehudi,Hutsby,yhutsby7c@blogtalkradio.com,Male,88.122.76.19
266,Cherry,Gribble,cgribble7d@google.cn,Female,205.203.52.231
267,Rozina,Marlon,rmarlon7e@usa.gov,Bigender,88.189.235.207
268,Shell,Treamayne,streamayne7f@cam.ac.uk,Male,190.103.3.234
269,Myrlene,Stit,mstit7g@com.com,Female,216.136.64.196
270,Gilda,Pietersen,gpietersen7h@xinhuanet.com,Female,89.255.64.197
271,Merell,Haresign,mharesign7i@umn.edu,Male,47.149.134.227
272,Alexina,Guerre,aguerre7j@hugedomains.com,Female,6.160.136.166
273,Cristin,Woolcocks,cwoolcocks7k@netlog.com,Female,130.28.218.67
274,Rosella,Scrimshaw,rscrimshaw7l@twitpic.com,Female,183.209.101.145
275,Ambrosio,Caldera,acaldera7m@etsy.com,Male,188.101.166.153
276,Winston,Tanman,wtanman7n@google.fr,Male,247.173.1.245
277,Dare,Feavyour,dfeavyour7o@blogs.com,Male,255.128.89.88
278,Lambert,Flye,lflye7p@scribd.com,Male,151.53.3.20
279,Kendra,Batham,kbatham7q@who.int,Female,150.104.155.165
280,Forester,Bouzek,fbouzek7r@cbc.ca,Male,177.25.132.240
281,Annadiane,Rude,arude7s@deliciousdays.com,Bigender,58.39.15.246
282,Ambrosi,McCowan,amccowan7t@lulu.com,Male,152.87.115.34
283,Gustie,Eddisford,geddisford7u@wikia.com,Female,162.55.98.67
284,Reilly,Addison,raddison7v@merriam-webster.com,Male,210.110.84.46
285,Olivier,Wetherick,owetherick7w@youtu.be,Male,185.123.57.135
286,Rivkah,Ruppertz,rruppertz7x@technorati.com,Female,5.244.228.36
287,Alric,Bernardoni,abernardoni7y@uiuc.edu,Male,88.31.10.243
288,Charmine,Rogerot,crogerot7z@nyu.edu,Female,22.212.201.44
289,Isadora,Maude,imaude80@xinhuanet.com,Polygender,245.230.174.208
290,Kane,Makinson,kmakinson81@ocn.ne.jp,Male,23.184.45.44
291,Etienne,Pyson,epyson82@sogou.com,Male,36.23.84.23
292,Jude,Shilburne,jshilburne83@bizjournals.com,Male,26.65.86.26
293,Edan,Pleuman,epleuman84@timesonline.co.uk,Male,96.11.51.7
294,Omar,Schulkins,oschulkins85@privacy.gov.au,Male,244.179.71.171
295,Sarena,Tooher,stooher86@miibeian.gov.cn,Female,125.60.178.143
296,Natale,Sharrocks,nsharrocks87@webs.com,Male,22.200.120.170
297,Norrie,Wallentin,nwallentin88@cafepress.com,Female,148.83.140.204
298,Brandtr,McGlue,bmcglue89@blogspot.com,Male,135.56.3.146
299,Trumaine,Yellowley,tyellowley8a@joomla.org,Male,151.109.97.91
300,Kane,Kwiek,kkwiek8b@china.com.cn,Male,252.245.84.219
301,Barnie,Lytlle,blytlle8c@unicef.org,Male,199.245.189.135
302,Bobbie,Groneway,bgroneway8d@multiply.com,Male,176.40.30.68
303,Humphrey,Checchi,hchecchi8e@barnesandnoble.com,Agender,139.95.154.135
304,Milissent,Isakowicz,misakowicz8f@stanford.edu,Female,142.192.33.61
305,Antonella,Greatbach,agreatbach8g@com.com,Female,92.177.243.198
306,Filbert,Varns,fvarns8h@xrea.com,Genderfluid,46.149.64.103
307,Denice,Scapens,dscapens8i@pinterest.com,Female,182.87.136.203
308,Zacharie,McColgan,zmccolgan8j@de.vu,Male,193.65.213.64
309,Whitby,Bocking,wbocking8k@weibo.com,Male,195.135.7.79
310,Cyril,McLachlan,cmclachlan8l@blogspot.com,Male,54.207.23.115
311,Mareah,Nunn,mnunn8m@4shared.com,Female,73.39.173.223
312,Georgeta,Jimeno,gjimeno8n@msu.edu,Female,212.206.110.246
313,Karlyn,Van Geffen,kvangeffen8o@mozilla.com,Female,207.147.37.158
314,Maggy,Harlowe,mharlowe8p@eepurl.com,Female,65.94.237.130
315,Haley,Jankovsky,hjankovsky8q@youku.com,Male,25.147.192.27
316,Denise,Martel,dmartel8r@stumbleupon.com,Female,46.196.50.175
317,Maureen,De Malchar,mdemalchar8s@symantec.com,Female,141.86.30.56
318,Ingmar,Jesse,ijesse8t@disqus.com,Male,233.37.243.241
319,Larina,Dicke,ldicke8u@techcrunch.com,Female,201.195.249.98
320,Martyn,Huntar,mhuntar8v@unblog.fr,Male,53.145.34.10
321,Bella,Bocking,bbocking8w@google.fr,Female,130.2.17.213
322,Minerva,Rampage,mrampage8x@nbcnews.com,Female,160.29.130.37
323,Niko,Queste,nqueste8y@mapy.cz,Male,188.95.162.185
324,Leighton,Teggart,lteggart8z@theglobeandmail.com,Polygender,185.189.128.171
325,Parrnell,Wicks,pwicks90@google.ca,Male,171.253.211.103
326,Sherm,Garrique,sgarrique91@theguardian.com,Male,219.116.240.131
327,Beverly,Lillie,blillie92@webmd.com,Female,60.135.9.103
328,Annalee,Brecon,abrecon93@ox.ac.uk,Female,228.106.194.157
329,Aimil,Glendining,aglendining94@wikia.com,Female,29.223.161.226
330,Kacey,Baltrushaitis,kbaltrushaitis95@yelp.com,Female,126.23.125.196
331,Matty,Maides,mmaides96@odnoklassniki.ru,Male,35.220.124.125
332,Salomo,Jager,sjager97@livejournal.com,Male,175.9.114.158
333,Svend,Cowling,scowling98@yellowpages.com,Male,194.145.98.151
334,Virginia,Harburtson,vharburtson99@angelfire.com,Female,15.36.217.58
335,Beatrix,Kingerby,bkingerby9a@geocities.jp,Female,209.136.105.88
336,Ardith,Cleland,acleland9b@flickr.com,Female,197.14.43.172
337,Pietrek,Hannis,phannis9c@apple.com,Male,16.122.62.21
338,Lambert,O'Sesnane,losesnane9d@indiegogo.com,Male,173.15.235.99
339,Seward,Denkel,sdenkel9e@a8.net,Male,209.115.203.174
340,Ilene,Rentoul,irentoul9f@google.com.au,Female,214.164.86.222
341,Charley,Durham,cdurham9g@vimeo.com,Male,242.108.62.101
342,Ellis,Corney,ecorney9h@cpanel.net,Bigender,67.201.60.145
343,Marissa,Leamy,mleamy9i@fc2.com,Female,60.21.248.109
344,Derril,Jaulmes,djaulmes9j@biglobe.ne.jp,Male,249.116.61.87
345,Carly,Harriskine,charriskine9k@europa.eu,Polygender,172.21.25.75
346,Kimberley,Bloy,kbloy9l@webeden.co.uk,Female,112.196.215.95
347,Sharon,Clixby,sclixby9m@wsj.com,Female,6.54.32.10
348,Teddi,Cokely,tcokely9n@etsy.com,Female,147.21.154.132
349,Addie,Yurasov,ayurasov9o@jalbum.net,Male,180.190.89.175
350,Adriena,Hallitt,ahallitt9p@stumbleupon.com,Genderqueer,197.36.195.90
351,Eal,Weld,eweld9q@topsy.com,Male,230.208.144.84
352,Donetta,Fildery,dfildery9r@fc2.com,Female,49.249.71.193
353,Barde,Starsmeare,bstarsmeare9s@yahoo.co.jp,Male,119.58.243.37
354,Gordan,Feacham,gfeacham9t@wordpress.org,Bigender,100.212.55.106
355,Isak,Croneen,icroneen9u@msu.edu,Male,92.116.201.243
356,Esme,Bendin,ebendin9v@nbcnews.com,Male,34.139.4.253
357,Joshua,Venour,jvenour9w@microsoft.com,Male,108.255.237.133
358,Yance,Farre,yfarre9x@blogs.com,Male,118.233.202.39
359,Bria,Le Gall,blegall9y@csmonitor.com,Female,49.67.24.117
360,Ado,Bankes,abankes9z@pcworld.com,Male,136.26.204.173
361,Kylynn,Aizikowitz,kaizikowitza0@statcounter.com,Female,189.121.216.175
362,Myra,Kingh,mkingha1@multiply.com,Female,174.130.131.90
363,Rianon,Braithwait,rbraithwaita2@ow.ly,Female,21.237.83.106
364,Helyn,Foreman,hforemana3@nsw.gov.au,Female,136.53.99.28
365,Raye,Manicom,rmanicoma4@mtv.com,Female,7.135.154.203
366,Gerri,Yurivtsev,gyurivtseva5@dailymotion.com,Male,247.59.45.71
367,Brit,Hadye,bhadyea6@de.vu,Female,97.208.4.119
368,Josi,Olufsen,jolufsena7@newyorker.com,Genderqueer,90.54.127.1
369,Corenda,Turnock,cturnocka8@networkadvertising.org,Female,17.1.133.242
370,Nessie,Purselow,npurselowa9@php.net,Female,108.46.27.192
371,Jakob,Rentoll,jrentollaa@cbsnews.com,Male,36.22.55.37
372,Karoly,Kingswoode,kkingswoodeab@amazon.co.jp,Female,196.75.248.47
373,Denver,Wickey,dwickeyac@miibeian.gov.cn,Male,181.137.111.53
374,Nathan,De Gowe,ndegowead@answers.com,Male,206.101.5.103
375,Genvieve,Morecomb,gmorecombae@netlog.com,Non-binary,194.208.19.164
376,Adina,Lazenbury,alazenburyaf@toplist.cz,Female,246.241.76.247
377,Deloria,Van Daalen,dvandaalenag@jalbum.net,Female,34.24.177.51
378,Brady,Denton,bdentonah@techcrunch.com,Male,241.3.161.163
379,Edmon,Higounet,ehigounetai@mapquest.com,Male,250.117.125.205
380,Leslie,Chiverstone,lchiverstoneaj@netscape.com,Male,226.144.142.4
381,West,Batters,wbattersak@hc360.com,Male,198.64.170.235
382,Malina,Ivanilov,mivaniloval@amazon.com,Female,186.78.5.51
383,Mandie,Handke,mhandkeam@blogtalkradio.com,Female,7.127.83.90
384,Raleigh,Titley,rtitleyan@latimes.com,Male,13.147.80.228
385,Price,Zylbermann,pzylbermannao@about.me,Male,169.102.31.254
386,Saudra,Drinkwater,sdrinkwaterap@twitpic.com,Female,236.35.170.118
387,Alexandr,Batsford,abatsfordaq@domainmarket.com,Male,20.58.93.243
388,Berta,Barkes,bbarkesar@globo.com,Female,156.92.180.113
389,Silvain,Rauprich,srauprichas@epa.gov,Male,79.240.228.189
390,Jacquie,Dinsell,jdinsellat@ca.gov,Female,137.41.151.189
391,Bree,Fauguel,bfauguelau@list-manage.com,Female,2.85.179.19
392,Maia,Siggins,msigginsav@adobe.com,Female,249.222.238.201
393,Ira,Kiernan,ikiernanaw@nationalgeographic.com,Male,82.229.246.197
394,Ciro,Rembrant,crembrantax@naver.com,Genderfluid,101.104.2.97
395,Jackson,Mantrip,jmantripay@dagondesign.com,Male,152.73.166.131
396,Palm,Pocknoll,ppocknollaz@phoca.cz,Male,228.61.15.65
397,Bekki,Ollerhead,bollerheadb0@diigo.com,Female,62.134.251.34
398,Arvin,Dobell,adobellb1@sbwire.com,Male,10.25.196.242
399,Pall,Ballantyne,pballantyneb2@umich.edu,Male,127.144.142.193
400,Reece,Lashley,rlashleyb3@usa.gov,Male,92.131.107.132
401,Palmer,Marland,pmarlandb4@ftc.gov,Male,5.238.212.244
402,Derrik,Rockall,drockallb5@senate.gov,Male,13.70.74.233
403,Richy,Northrop,rnorthropb6@indiegogo.com,Male,105.177.150.243
404,Halette,Ormond,hormondb7@cdbaby.com,Female,126.62.89.115
405,Leslie,De Gregorio,ldegregoriob8@rediff.com,Female,33.154.129.92
406,Leoine,Fandrey,lfandreyb9@answers.com,Female,160.14.110.239
407,Woodman,Knowler,wknowlerba@t.co,Bigender,192.65.56.166
408,Mary,Drewes,mdrewesbb@foxnews.com,Female,225.84.176.76
409,Rhody,McEnhill,rmcenhillbc@narod.ru,Female,129.185.223.170
410,Paddie,Bertin,pbertinbd@imageshack.us,Male,249.230.182.184
411,Ryan,Hallibone,rhallibonebe@marriott.com,Male,114.42.178.17
412,Jedediah,Larkin,jlarkinbf@sciencedaily.com,Male,41.168.64.230
413,Jaime,O'Hone,johonebg@economist.com,Female,147.227.198.199
414,Krista,O'Devey,kodeveybh@vimeo.com,Polygender,112.6.35.57
415,Alvira,Rahl,arahlbi@ameblo.jp,Female,250.106.1.167
416,Eldin,Money,emoneybj@mtv.com,Male,179.192.153.28
417,Thatcher,Martlew,tmartlewbk@aol.com,Male,68.216.12.142
418,Valeria,Malpass,vmalpassbl@statcounter.com,Female,6.124.188.11
419,Erminie,Madgett,emadgettbm@shareasale.com,Female,7.87.111.63
420,Jeanette,Loach,jloachbn@umn.edu,Female,157.129.71.48
421,Sheridan,Herreran,sherreranbo@amazonaws.com,Male,89.151.58.91
422,Cody,Pragnall,cpragnallbp@census.gov,Female,212.100.80.215
423,Fayre,Spiaggia,fspiaggiabq@yellowpages.com,Polygender,111.57.59.109
424,Timmy,McKibbin,tmckibbinbr@bravesites.com,Male,117.89.33.153
425,Ivie,Knowlden,iknowldenbs@ycombinator.com,Female,84.103.207.93
426,Byrom,Instock,binstockbt@cnet.com,Male,9.19.110.4
427,Viviene,Blachford,vblachfordbu@feedburner.com,Female,17.25.198.101
428,Jolene,Jonathon,jjonathonbv@mediafire.com,Female,161.156.198.123
429,Cheslie,Arbon,carbonbw@apple.com,Female,246.121.208.104
430,Merwin,Hiddy,mhiddybx@youtube.com,Male,176.192.95.116
431,Radcliffe,Fitzsimons,rfitzsimonsby@facebook.com,Male,82.210.140.171
432,Jens,Madre,jmadrebz@google.nl,Male,231.195.237.99
433,Sheilah,Lanfranconi,slanfranconic0@state.tx.us,Female,150.17.194.43
434,Wilma,Cheson,wchesonc1@sourceforge.net,Female,99.155.192.2
435,Luther,Culwen,lculwenc2@prnewswire.com,Male,183.125.153.219
436,Suellen,Miere,smierec3@sciencedirect.com,Female,1.134.133.108
437,Daryn,Savil,dsavilc4@storify.com,Female,40.248.233.71
438,Montgomery,Casemore,mcasemorec5@vkontakte.ru,Male,163.179.224.6
439,Gun,Blunderfield,gblunderfieldc6@cornell.edu,Male,10.211.26.53
440,Clarke,Cowing,ccowingc7@amazonaws.com,Male,221.56.2.249
441,Kimmy,Lutwyche,klutwychec8@comcast.net,Female,61.244.165.15
442,Harwell,Calder,hcalderc9@flickr.com,Male,5.51.145.131
443,Pavia,Raitt,praittca@dagondesign.com,Female,0.50.102.67
444,Ryun,Arbor,rarborcb@ebay.co.uk,Male,208.84.110.119
445,Rockwell,Hazael,rhazaelcc@infoseek.co.jp,Male,47.91.159.244
446,Pierce,Lilleman,plillemancd@plala.or.jp,Male,88.31.47.59
447,Maddy,Stife,mstifece@fastcompany.com,Female,91.45.32.11
448,Adlai,Bohea,aboheacf@zimbio.com,Male,171.79.122.50
449,Milicent,Cusick,mcusickcg@ox.ac.uk,Female,202.189.180.43
450,Ileane,Rowswell,irowswellch@xrea.com,Agender,243.15.26.158
451,Fernando,Relf,frelfci@mozilla.com,Male,245.140.113.131
452,Emylee,Luton,elutoncj@uol.com.br,Female,43.52.10.215
453,Vachel,Wrotham,vwrothamck@admin.ch,Male,15.81.151.199
454,Myrwyn,Beveridge,mbeveridgecl@tamu.edu,Male,12.215.17.65
455,Lockwood,Smidmoor,lsmidmoorcm@furl.net,Male,80.34.76.172
456,Agnes,Farfoot,afarfootcn@omniture.com,Genderfluid,87.218.3.81
457,Rochell,Brodeau,rbrodeauco@istockphoto.com,Female,228.37.235.127
458,Nelly,Meriguet,nmeriguetcp@oakley.com,Female,133.180.58.153
459,Natka,Ferrero,nferrerocq@technorati.com,Female,134.250.138.117
460,Antonino,Godfree,agodfreecr@delicious.com,Genderfluid,76.49.152.83
461,Hans,Houlison,hhoulisoncs@fc2.com,Male,58.57.217.99
462,Kikelia,Mulliss,kmullissct@a8.net,Female,130.147.226.101
463,Roscoe,Rizzo,rrizzocu@ning.com,Male,117.87.13.21
464,Stan,Brearton,sbreartoncv@soup.io,Genderqueer,25.125.223.50
465,Gayla,Bontoft,gbontoftcw@shinystat.com,Female,131.34.54.107
466,Ky,Maureen,kmaureencx@nasa.gov,Male,231.147.59.73
467,Nesta,Hamsley,nhamsleycy@infoseek.co.jp,Non-binary,25.28.215.205
468,Valery,Gabbidon,vgabbidoncz@miitbeian.gov.cn,Female,247.11.59.112
469,Brigit,Mingus,bmingusd0@webs.com,Female,140.137.189.125
470,Ammamaria,Gerring,agerringd1@sohu.com,Female,140.185.94.188
471,Parker,Winn,pwinnd2@nbcnews.com,Male,209.245.194.228
472,Josee,Fairrie,jfairried3@moonfruit.com,Female,160.222.117.104
473,Lizette,Twidle,ltwidled4@comcast.net,Female,241.150.44.242
474,Marti,Reckless,mrecklessd5@alibaba.com,Female,8.3.245.65
475,Regan,Slayton,rslaytond6@cyberchimps.com,Male,130.189.239.88
476,Rogers,Francescoccio,rfrancescocciod7@live.com,Genderqueer,37.240.231.60
477,Harman,Boxhall,hboxhalld8@prnewswire.com,Male,103.40.208.108
478,Dasi,Dumphry,ddumphryd9@aol.com,Female,114.2.235.170
479,Viviyan,Arlett,varlettda@army.mil,Female,117.153.182.226
480,Morrie,Coakley,mcoakleydb@angelfire.com,Male,166.5.189.94
481,Vittorio,Wyett,vwyettdc@patch.com,Male,151.216.225.192
482,Ethan,Blood,eblooddd@tinypic.com,Male,209.92.167.56
483,Kiley,Orsi,korside@discuz.net,Female,237.238.238.66
484,Garek,Clegg,gcleggdf@goo.ne.jp,Male,32.82.124.81
485,Corabel,Tingly,ctinglydg@yahoo.com,Female,110.55.10.42
486,Lee,Worland,lworlanddh@wiley.com,Female,205.31.200.64
487,Carrie,Ambroziak,cambroziakdi@examiner.com,Female,27.223.79.78
488,Carlina,Finnigan,cfinnigandj@shareasale.com,Female,122.4.72.84
489,Kip,Larmour,klarmourdk@prnewswire.com,Male,158.216.139.162
490,Gaylord,Brookfield,gbrookfielddl@aboutads.info,Male,208.9.59.97
491,Nate,Scriven,nscrivendm@wufoo.com,Male,152.145.217.21
492,Hedwig,Dash,hdashdn@github.io,Female,167.79.34.243
493,Nora,Todarini,ntodarinido@ed.gov,Bigender,32.64.118.226
494,Elayne,Tuckett,etuckettdp@dot.gov,Female,247.152.62.76
495,Cristionna,Petworth,cpetworthdq@tiny.cc,Female,107.169.151.147
496,Bourke,Cliff,bcliffdr@narod.ru,Male,60.2.194.168
497,Cori,Money,cmoneyds@msu.edu,Male,137.244.200.54
498,Katharyn,Torbeck,ktorbeckdt@mozilla.com,Female,80.40.77.94
499,Merry,Tomlin,mtomlindu@upenn.edu,Male,210.230.147.252
500,Obediah,Blenkin,oblenkindv@cdbaby.com,Male,42.68.130.11
501,Matty,Shakshaft,mshakshaftdw@canalblog.com,Male,228.90.144.174
502,Hale,Torbeck,htorbeckdx@parallels.com,Male,215.67.145.25
503,Felix,McNiff,fmcniffdy@4shared.com,Male,176.129.169.113
504,Rudyard,Drury,rdrurydz@dailymotion.com,Male,220.238.187.171
505,Sophia,Ellingham,sellinghame0@google.fr,Female,33.97.139.68
506,Alice,Belvard,abelvarde1@statcounter.com,Female,55.127.153.152
507,Gabbey,Fasse,gfassee2@howstuffworks.com,Female,15.235.8.39
508,Forbes,Coley,fcoleye3@google.cn,Male,224.6.25.104
509,Misti,Coalbran,mcoalbrane4@altervista.org,Female,211.196.181.178
510,Otes,Durrant,odurrante5@foxnews.com,Male,26.23.219.254
511,Ruddie,Searchwell,rsearchwelle6@nih.gov,Male,137.246.65.158
512,Micheil,Stathor,mstathore7@usnews.com,Male,221.102.22.40
513,Easter,Martinek,emartineke8@seattletimes.com,Female,51.62.30.228
514,Clemens,Bamborough,cbamboroughe9@telegraph.co.uk,Male,18.171.6.102
515,Meredeth,Sichardt,msichardtea@cdbaby.com,Male,89.203.121.189
516,Hollis,Alessandrini,halessandrinieb@chronoengine.com,Male,83.83.77.55
517,Xerxes,Skoate,xskoateec@stumbleupon.com,Male,226.176.16.218
518,Jan,Beadnell,jbeadnelled@naver.com,Female,6.133.217.92
519,Payton,Meltetal,pmeltetalee@nymag.com,Male,136.246.23.217
520,Harlin,Cuchey,hcucheyef@paginegialle.it,Male,199.35.21.115
521,Brandy,Pedrielli,bpedriellieg@yahoo.com,Male,227.255.13.235
522,Borden,Purrier,bpurriereh@zimbio.com,Male,213.202.43.18
523,Artie,Sivier,asivierei@drupal.org,Male,69.217.228.97
524,Carlo,Soppeth,csoppethej@harvard.edu,Male,84.70.121.232
525,Blair,Sworne,bsworneek@topsy.com,Female,112.207.124.54
526,Jermain,Sawer,jsawerel@engadget.com,Male,230.192.28.77
527,Anastasie,Ortler,aortlerem@123-reg.co.uk,Female,4.252.144.70
528,Darby,Trewin,dtrewinen@hostgator.com,Female,41.41.206.93
529,Deloris,Scaysbrook,dscaysbrookeo@godaddy.com,Female,101.166.110.253
530,Husain,Iorns,hiornsep@wikispaces.com,Male,148.25.249.65
531,Gertrude,Huggill,ghuggilleq@time.com,Agender,47.131.42.107
532,Dora,Brumen,dbrumener@illinois.edu,Female,154.66.29.69
533,Alfonso,Abbatucci,aabbatuccies@nationalgeographic.com,Male,247.156.11.241
534,Shoshanna,Merriday,smerridayet@engadget.com,Female,7.104.229.231
535,Waiter,Ference,wferenceeu@xrea.com,Male,13.162.248.15
536,Johannes,Rosendall,jrosendallev@taobao.com,Agender,87.209.68.207
537,Gregorio,Seedman,gseedmanew@simplemachines.org,Male,134.228.238.153
538,Ulla,Morin,umorinex@qq.com,Female,215.65.10.124
539,Coop,Lendrem,clendremey@indiegogo.com,Genderqueer,65.251.50.83
540,Gaile,Sullivan,gsullivanez@blogs.com,Male,56.101.150.94
541,Rowney,Pratton,rprattonf0@bing.com,Male,232.61.177.235
542,Boony,Jordi,bjordif1@fastcompany.com,Male,234.159.76.198
543,Millisent,McEttigen,mmcettigenf2@newyorker.com,Female,215.88.149.28
544,Lindon,Masi,lmasif3@abc.net.au,Male,14.222.198.164
545,Evangelin,Keaves,ekeavesf4@clickbank.net,Female,228.29.50.234
546,Joyan,Cornner,jcornnerf5@nydailynews.com,Female,169.189.31.228
547,Stephan,Scholtz,sscholtzf6@histats.com,Male,185.45.87.199
548,Bradney,Center,bcenterf7@youku.com,Male,0.207.208.93
549,Mendy,Bertenshaw,mbertenshawf8@buzzfeed.com,Male,202.65.69.116
550,Devland,Borghese,dborghesef9@networkadvertising.org,Male,3.21.220.84
551,Corly,Brennand,cbrennandfa@reddit.com,Female,98.188.161.139
552,Reina,Hamments,rhammentsfb@oakley.com,Female,68.97.163.106
553,Afton,Loosley,aloosleyfc@bigcartel.com,Female,235.97.102.137
554,Berrie,Gors,bgorsfd@mapquest.com,Female,159.50.35.190
555,Bridget,Knowlys,bknowlysfe@chicagotribune.com,Female,28.147.22.56
556,Bartie,Trowsdale,btrowsdaleff@loc.gov,Male,203.67.208.236
557,Urson,Thurman,uthurmanfg@dell.com,Male,2.234.201.198
558,Daryl,Gristhwaite,dgristhwaitefh@nasa.gov,Female,127.29.249.206
559,Morgun,Clutterbuck,mclutterbuckfi@paginegialle.it,Bigender,113.133.93.104
560,Bourke,Mourgue,bmourguefj@live.com,Male,216.140.229.186
561,Lorenzo,Dell Casa,ldellcasafk@purevolume.com,Male,147.78.52.217
562,Debi,Masse,dmassefl@addtoany.com,Polygender,191.215.218.117
563,Yulma,Curnokk,ycurnokkfm@arizona.edu,Male,123.180.140.24
564,Celeste,Celier,ccelierfn@exblog.jp,Female,149.201.231.146
565,Billy,Scotsbrook,bscotsbrookfo@tamu.edu,Male,106.37.70.86
566,Kendal,Mulholland,kmulhollandfp@plala.or.jp,Male,172.212.175.24
567,Shellysheldon,Lamminam,slamminamfq@photobucket.com,Male,19.237.89.71
568,Cherye,Longfield,clongfieldfr@ucsd.edu,Female,212.174.244.204
569,Wang,Farguhar,wfarguharfs@github.com,Male,36.11.135.210
570,Mordy,Saffell,msaffellft@photobucket.com,Male,171.178.171.92
571,Rudd,Form,rformfu@yellowpages.com,Genderqueer,58.24.53.38
572,Johnath,Hawick,jhawickfv@tmall.com,Genderqueer,214.247.138.210
573,Jaquelin,Siggens,jsiggensfw@vkontakte.ru,Female,182.47.4.76
574,Lissi,Blyth,lblythfx@stumbleupon.com,Female,181.148.83.239
575,Hervey,de Mullett,hdemullettfy@yellowbook.com,Male,192.160.218.136
576,Emmanuel,Di Franceshci,edifranceshcifz@msu.edu,Male,45.1.154.165
577,Rosita,Risborough,rrisboroughg0@wikispaces.com,Female,92.223.16.210
578,Juana,Dingate,jdingateg1@ucoz.ru,Agender,219.31.139.170
579,Chilton,Mulqueen,cmulqueeng2@ted.com,Male,89.46.13.25
580,Marcia,Haacker,mhaackerg3@java.com,Female,213.252.180.75
581,Vilhelmina,Anglim,vanglimg4@china.com.cn,Female,238.179.223.79
582,Nick,Sleicht,nsleichtg5@hexun.com,Male,16.0.113.130
583,Lillis,Tummons,ltummonsg6@tumblr.com,Agender,147.67.137.69
584,Tomi,Balcock,tbalcockg7@exblog.jp,Female,182.29.254.14
585,Tabby,Rotter,trotterg8@chron.com,Female,177.39.148.63
586,Kathleen,Aaronson,kaaronsong9@discuz.net,Female,93.71.112.197
587,Hally,Twigley,htwigleyga@prlog.org,Female,167.197.10.21
588,Willyt,Girardy,wgirardygb@thetimes.co.uk,Female,220.119.19.144
589,Morley,Muttitt,mmuttittgc@reuters.com,Male,69.211.191.144
590,Guthrie,Skippings,gskippingsgd@friendfeed.com,Male,56.244.207.40
591,Kaspar,Krishtopaittis,kkrishtopaittisge@1688.com,Male,23.141.151.76
592,Leola,Wynes,lwynesgf@goodreads.com,Female,198.5.96.220
593,Effie,Dack,edackgg@histats.com,Female,80.171.153.138
594,Reube,Feaveer,rfeaveergh@canalblog.com,Male,42.205.22.190
595,Gawain,Ochterlony,gochterlonygi@ihg.com,Male,135.163.26.130
596,Artur,Joskowicz,ajoskowiczgj@sitemeter.com,Male,211.104.170.100
597,Abby,Olford,aolfordgk@sciencedirect.com,Female,29.214.118.105
598,Jaclyn,Cordy,jcordygl@w3.org,Female,31.30.145.64
599,Galvan,Uff,guffgm@reuters.com,Male,165.213.1.35
600,Cordelie,Signe,csignegn@youtube.com,Female,130.197.184.234
601,Ivy,Greeson,igreesongo@google.com,Female,132.236.159.15
602,Matty,Gronaver,mgronavergp@ucsd.edu,Male,55.53.209.80
603,Sheppard,Olifaunt,solifauntgq@usgs.gov,Male,124.38.223.5
604,Guntar,Aronowitz,garonowitzgr@unicef.org,Male,146.101.130.224
605,Nikolaus,Andrzejowski,nandrzejowskigs@sina.com.cn,Male,138.204.160.100
606,Tanny,Tegeller,ttegellergt@icio.us,Male,148.18.184.126
607,Dede,Zelley,dzelleygu@webs.com,Female,199.159.68.132
608,Roderic,MacAlpine,rmacalpinegv@printfriendly.com,Agender,207.64.55.68
609,Junette,Poller,jpollergw@netlog.com,Female,98.159.149.198
610,Pooh,Acland,paclandgx@t.co,Male,3.196.60.54
611,Kaine,Dows,kdowsgy@domainmarket.com,Male,16.10.56.10
612,Mitchell,MacCurley,mmaccurleygz@opensource.org,Male,86.169.50.233
613,Dilly,Botha,dbothah0@yelp.com,Male,179.217.117.80
614,Anderea,Tolworthy,atolworthyh1@skype.com,Female,1.165.184.66
615,L;urette,Arstall,larstallh2@youtube.com,Polygender,52.104.11.129
616,Shep,Spink,sspinkh3@jiathis.com,Male,232.249.105.32
617,Hyacinthia,Reppaport,hreppaporth4@chicagotribune.com,Genderfluid,85.31.129.170
618,Caroline,Lethieulier,clethieulierh5@samsung.com,Female,222.54.56.123
619,Norma,Fairhall,nfairhallh6@blogspot.com,Female,211.98.246.21
620,Lillian,Tucknutt,ltucknutth7@ihg.com,Female,64.254.247.156
621,Marguerite,Askwith,maskwithh8@msu.edu,Genderqueer,64.115.96.62
622,Base,Dolling,bdollingh9@techcrunch.com,Male,186.151.104.159
623,Dniren,Ericsson,dericssonha@illinois.edu,Female,159.44.130.151
624,Elbertine,Roblin,eroblinhb@amazon.co.uk,Female,222.193.248.92
625,Cassey,Larrat,clarrathc@ft.com,Female,207.112.215.193
626,Celinda,Dawid,cdawidhd@msu.edu,Female,209.150.141.57
627,Mohandas,Curteis,mcurteishe@scribd.com,Genderfluid,33.43.203.252
628,Thia,Sclanders,tsclandershf@bigcartel.com,Female,51.248.96.99
629,Lion,Braundt,lbraundthg@acquirethisname.com,Male,19.148.242.188
630,Vivi,Pinkard,vpinkardhh@latimes.com,Female,215.244.75.80
631,Gerick,Banger,gbangerhi@huffingtonpost.com,Male,228.159.162.223
632,Brina,Keslake,bkeslakehj@ucsd.edu,Female,110.82.242.34
633,Oralia,Piscotti,opiscottihk@ebay.co.uk,Female,99.105.234.157
634,Lainey,Le Guin,lleguinhl@fastcompany.com,Female,67.136.230.191
635,Shannon,Childers,schildershm@newyorker.com,Female,168.110.133.64
636,Ulric,Geill,ugeillhn@smh.com.au,Non-binary,128.244.156.142
637,Lucas,Enterlein,lenterleinho@about.me,Male,158.6.60.128
638,Lowrance,Sabatini,lsabatinihp@ted.com,Male,167.107.232.52
639,Trescha,McNuff,tmcnuffhq@parallels.com,Female,60.243.83.40
640,Gottfried,Surridge,gsurridgehr@usatoday.com,Male,83.71.143.63
641,Bren,Maxwell,bmaxwellhs@dion.ne.jp,Female,122.224.174.103
642,Westleigh,Tinsley,wtinsleyht@sohu.com,Male,157.44.237.74
643,Pietrek,Deetch,pdeetchhu@wsj.com,Male,183.198.99.13
644,Ricki,Lathaye,rlathayehv@odnoklassniki.ru,Male,178.57.243.180
645,Wandie,Miskimmon,wmiskimmonhw@phoca.cz,Female,223.220.0.71
646,Helenelizabeth,Gerhardt,hgerhardthx@tripadvisor.com,Female,47.145.77.221
647,Giffard,Birtwhistle,gbirtwhistlehy@ebay.com,Male,87.193.166.204
648,Roselia,Farlam,rfarlamhz@goo.ne.jp,Female,190.22.32.202
649,Dareen,Coxen,dcoxeni0@facebook.com,Female,183.210.196.151
650,Galina,Cadany,gcadanyi1@tinypic.com,Female,118.254.107.96
651,Daphna,Garces,dgarcesi2@zdnet.com,Female,63.250.143.119
652,Marga,Blurton,mblurtoni3@youku.com,Female,247.22.37.155
653,Kevin,Simmons,ksimmonsi4@multiply.com,Genderfluid,20.203.127.60
654,Drake,De Benedetti,ddebenedettii5@ibm.com,Male,229.60.30.171
655,Rudy,Lochet,rlocheti6@apache.org,Male,219.254.160.7
656,Caprice,Peat,cpeati7@columbia.edu,Female,174.136.225.65
657,Birgitta,Campbell,bcampbelli8@goodreads.com,Female,51.5.238.138
658,Avigdor,Laux,alauxi9@yellowpages.com,Male,103.84.251.234
659,Zaria,Whopples,zwhopplesia@yolasite.com,Female,15.218.102.223
660,Giuseppe,Cale,gcaleib@phoca.cz,Male,177.159.152.26
661,Niki,Cello,ncelloic@independent.co.uk,Male,216.86.1.145
662,Brian,Fyfield,bfyfieldid@stumbleupon.com,Male,225.225.253.72
663,Hercules,Markussen,hmarkussenie@ihg.com,Male,190.200.120.70
664,Darb,Roper,droperif@stanford.edu,Genderqueer,98.169.120.26
665,Lonna,O'Duggan,lodugganig@princeton.edu,Female,78.201.102.58
666,Robinetta,Spurnier,rspurnierih@cloudflare.com,Female,192.70.96.5
667,Virgie,Aris,varisii@washingtonpost.com,Male,68.74.208.208
668,Marion,Wanless,mwanlessij@bbc.co.uk,Male,229.152.176.234
669,Glen,Dimitrescu,gdimitrescuik@nba.com,Female,213.53.81.70
670,Kalindi,Gounard,kgounardil@state.tx.us,Female,246.13.144.167
671,Merrill,Blaisdale,mblaisdaleim@sbwire.com,Female,195.71.36.233
672,Elena,Cesaric,ecesaricin@apache.org,Female,208.56.181.17
673,Saudra,Bruyet,sbruyetio@ning.com,Female,192.47.216.165
674,Currey,O' Concannon,coconcannonip@creativecommons.org,Male,152.239.103.10
675,Agnella,Mully,amullyiq@ted.com,Female,20.16.142.98
676,Fred,Wilshere,fwilshereir@army.mil,Genderqueer,119.61.108.19
677,Gavin,Broschke,gbroschkeis@macromedia.com,Male,241.186.55.159
678,Cozmo,Blundin,cblundinit@netvibes.com,Male,29.145.64.133
679,Elena,Poge,epogeiu@examiner.com,Female,134.151.34.246
680,Lorita,Pepys,lpepysiv@mit.edu,Female,211.85.30.233
681,Rosanna,O'Doghesty,rodoghestyiw@census.gov,Genderqueer,237.1.157.90
682,Elwin,Tolson,etolsonix@ox.ac.uk,Male,2.71.23.34
683,Jerry,Selwyne,jselwyneiy@icq.com,Female,138.128.197.168
684,Livy,Conningham,lconninghamiz@twitter.com,Female,132.176.4.36
685,Tate,Grint,tgrintj0@pagesperso-orange.fr,Male,26.9.14.97
686,Dar,Ewbanck,dewbanckj1@odnoklassniki.ru,Bigender,143.214.16.136
687,Jammie,Roby,jrobyj2@yahoo.com,Female,234.16.159.241
688,Conny,Garman,cgarmanj3@ebay.com,Female,68.110.72.173
689,Jedd,Jayume,jjayumej4@photobucket.com,Male,87.69.59.194
690,Orelie,Bleaden,obleadenj5@storify.com,Female,102.244.172.96
691,Markus,Thurner,mthurnerj6@hud.gov,Male,141.132.131.77
692,Karlik,Debow,kdebowj7@wisc.edu,Male,111.170.236.75
693,Clarissa,Eglin,ceglinj8@amazon.co.uk,Female,11.153.251.146
694,Forbes,De Paepe,fdepaepej9@lycos.com,Male,158.245.14.100
695,Ruthy,Venner,rvennerja@facebook.com,Non-binary,168.116.141.7
696,Adah,Mathonnet,amathonnetjb@mtv.com,Female,190.135.202.169
697,Marve,Littlejohns,mlittlejohnsjc@ning.com,Male,57.41.103.208
698,Wilow,Townley,wtownleyjd@creativecommons.org,Bigender,160.11.27.99
699,Xaviera,McCunn,xmccunnje@bizjournals.com,Female,151.91.169.43
700,Rabbi,Kemery,rkemeryjf@wix.com,Male,227.1.189.54
701,Onida,Nolot,onolotjg@ifeng.com,Female,192.222.5.234
702,Skelly,Jackling,sjacklingjh@vistaprint.com,Male,13.223.214.97
703,Rustin,Burless,rburlessji@sitemeter.com,Male,124.112.151.205
704,Roy,Izakov,rizakovjj@instagram.com,Male,72.180.73.128
705,Pepe,Eakin,peakinjk@marketwatch.com,Male,77.130.254.162
706,Gerianne,Lomasney,glomasneyjl@smugmug.com,Female,198.1.90.144
707,Alex,Collard,acollardjm@ifeng.com,Female,227.253.172.176
708,Leonelle,McIlveen,lmcilveenjn@bing.com,Female,173.70.198.241
709,Aurelie,Mc Carrick,amccarrickjo@fema.gov,Female,120.113.214.198
710,Salomon,Craisford,scraisfordjp@barnesandnoble.com,Male,89.175.113.11
711,Joshuah,Crannach,jcrannachjq@digg.com,Male,167.121.169.169
712,Mommy,Pietesch,mpieteschjr@eventbrite.com,Polygender,23.48.203.0
713,Lyn,Wike,lwikejs@ibm.com,Female,2.33.235.19
714,Gerry,Steedman,gsteedmanjt@edublogs.org,Female,149.58.7.62
715,Hastie,Lashbrook,hlashbrookju@hud.gov,Male,90.60.3.157
716,Eolanda,Youens,eyouensjv@seesaa.net,Female,199.20.112.252
717,Abbe,Christophers,achristophersjw@google.com.au,Male,3.251.240.35
718,Rodrick,Seid,rseidjx@miibeian.gov.cn,Male,223.250.237.112
719,Woodman,Bottini,wbottinijy@tumblr.com,Male,133.210.194.62
720,Elysee,Baverstock,ebaverstockjz@unblog.fr,Female,36.215.233.181
721,Morton,Warbrick,mwarbrickk0@ifeng.com,Male,84.116.136.228
722,Hyacinthia,Molden,hmoldenk1@fda.gov,Female,34.192.50.29
723,Birdie,Grzegorecki,bgrzegoreckik2@eepurl.com,Female,74.197.85.61
724,Myranda,Gosford,mgosfordk3@wikimedia.org,Polygender,81.123.8.13
725,Drusie,Jayne,djaynek4@fotki.com,Female,85.202.205.71
726,Tedd,Del Checolo,tdelchecolok5@disqus.com,Male,162.138.244.84
727,Geno,Stanning,gstanningk6@ca.gov,Male,45.87.148.167
728,Nora,Taylot,ntaylotk7@pcworld.com,Female,59.213.99.63
729,Gusti,Heaslip,gheaslipk8@vkontakte.ru,Female,207.203.211.187
730,Maje,Kubasek,mkubasekk9@netlog.com,Male,156.252.99.222
731,Eloisa,Blyden,eblydenka@netscape.com,Female,179.156.7.111
732,Billie,Cleland,bclelandkb@mlb.com,Male,205.102.167.34
733,Sal,Ruggen,sruggenkc@adobe.com,Female,19.106.232.172
734,Clayson,Donegan,cdonegankd@webs.com,Male,165.35.112.64
735,Donetta,Celand,dcelandke@techcrunch.com,Female,48.158.142.138
736,Arabel,Seedhouse,aseedhousekf@vistaprint.com,Female,16.4.55.48
737,Gweneth,Pennetta,gpennettakg@cyberchimps.com,Bigender,14.146.98.163
738,Bryana,Martyntsev,bmartyntsevkh@si.edu,Female,248.180.201.53
739,Kata,Lages,klageski@lycos.com,Female,23.56.189.72
740,Karlan,Downe,kdownekj@bing.com,Male,170.71.1.180
741,Judas,Crasford,jcrasfordkk@ifeng.com,Male,127.74.114.93
742,Timofei,Orred,torredkl@hud.gov,Male,233.152.227.13
743,Stanley,Czajkowska,sczajkowskakm@utexas.edu,Male,241.209.23.61
744,Kylie,Marquis,kmarquiskn@xinhuanet.com,Female,180.145.130.186
745,Tannie,McMichan,tmcmichanko@themeforest.net,Male,71.18.238.193
746,Aloysius,Fourman,afourmankp@instagram.com,Male,163.187.201.193
747,Tim,Castletine,tcastletinekq@prnewswire.com,Female,68.238.249.150
748,Phillie,Putten,pputtenkr@miitbeian.gov.cn,Female,200.77.112.67
749,Gwennie,Pecht,gpechtks@eepurl.com,Agender,71.247.244.173
750,Sabina,Weaben,sweabenkt@theguardian.com,Female,69.181.66.71
751,Eberhard,Checchi,echecchiku@tuttocitta.it,Male,62.132.89.201
752,Dick,Sander,dsanderkv@pcworld.com,Male,211.178.22.95
753,Bartlett,Paulisch,bpaulischkw@ycombinator.com,Male,33.253.131.179
754,Nicola,Eastman,neastmankx@bravesites.com,Agender,123.93.15.201
755,Anton,Callen,acallenky@com.com,Male,123.186.80.9
756,Tisha,Niche,tnichekz@nih.gov,Female,133.87.207.149
757,Desi,Gower,dgowerl0@list-manage.com,Male,247.240.32.157
758,Gracia,Nolda,gnoldal1@usa.gov,Non-binary,102.104.65.114
759,Cosetta,Awde,cawdel2@stumbleupon.com,Female,4.245.144.238
760,Vin,Lorenzetto,vlorenzettol3@hatena.ne.jp,Female,135.251.31.140
761,Reena,Bercher,rbercherl4@mysql.com,Female,32.68.243.75
762,Misha,McChruiter,mmcchruiterl5@gmpg.org,Female,25.32.39.210
763,Aurea,Hutten,ahuttenl6@chronoengine.com,Female,57.42.239.123
764,Laird,MacElharge,lmacelhargel7@yellowpages.com,Male,250.118.236.230
765,Onfroi,Olorenshaw,oolorenshawl8@senate.gov,Male,125.68.92.107
766,Percival,Plews,pplewsl9@netvibes.com,Male,7.252.40.18
767,Hedda,Mariet,hmarietla@geocities.com,Female,87.188.85.3
768,Olly,Oloman,oolomanlb@mtv.com,Male,64.57.117.65
769,Lisette,Edgerton,ledgertonlc@barnesandnoble.com,Female,181.66.27.203
770,Martguerita,MacKeever,mmackeeverld@stanford.edu,Non-binary,39.46.189.35
771,Jarred,Baybutt,jbaybuttle@ning.com,Male,51.24.43.30
772,Dom,McLaughlin,dmclaughlinlf@shareasale.com,Male,126.17.248.202
773,Donella,Eades,deadeslg@washington.edu,Female,76.63.185.46
774,Halsey,Santry,hsantrylh@edublogs.org,Male,219.213.1.19
775,Sebastiano,Cullivan,scullivanli@phoca.cz,Male,9.185.154.74
776,Dimitri,Chaffe,dchaffelj@wired.com,Genderfluid,148.60.84.95
777,Alf,Waulker,awaulkerlk@vistaprint.com,Male,234.149.19.165
778,Fons,Jellman,fjellmanll@hexun.com,Male,105.8.16.123
779,Christos,Shenley,cshenleylm@simplemachines.org,Male,143.110.249.173
780,Enos,Shelton,esheltonln@cloudflare.com,Male,34.162.134.190
781,Zolly,Hammon,zhammonlo@tinyurl.com,Male,69.189.133.70
782,Joelle,Imesson,jimessonlp@ucla.edu,Female,25.183.248.144
783,Katya,Abeau,kabeaulq@admin.ch,Female,251.44.129.117
784,Kipp,Smeath,ksmeathlr@ning.com,Female,33.45.151.162
785,Christy,Giraudy,cgiraudyls@goodreads.com,Male,193.172.25.110
786,Ezri,Schruyer,eschruyerlt@github.io,Male,177.22.4.26
787,Carlynne,Mulligan,cmulliganlu@wikia.com,Female,192.88.247.19
788,Celine,Bedow,cbedowlv@webnode.com,Female,100.179.195.252
789,Rock,Fley,rfleylw@google.de,Male,227.28.116.51
790,Edgar,Cleare,eclearelx@amazon.com,Male,37.198.131.149
791,Derrik,Crimpe,dcrimpely@360.cn,Male,213.201.168.254
792,Allys,Alyonov,aalyonovlz@naver.com,Female,93.144.113.114
793,Flemming,Guerrero,fguerrerom0@elpais.com,Male,131.87.99.222
794,Janetta,Tongue,jtonguem1@java.com,Female,182.28.0.119
795,Conrade,Whiting,cwhitingm2@ustream.tv,Male,219.97.205.66
796,Alexa,Twitching,atwitchingm3@vkontakte.ru,Female,220.20.179.228
797,Franni,Paskins,fpaskinsm4@tamu.edu,Female,196.216.147.81
798,Ulysses,Bartholat,ubartholatm5@comcast.net,Male,14.226.191.154
799,Gnni,Hawkey,ghawkeym6@biblegateway.com,Female,30.127.211.186
800,Eleanore,Kohter,ekohterm7@de.vu,Female,89.187.59.208
801,Todd,Baroche,tbarochem8@blogs.com,Male,21.146.72.48
802,Thaddeus,Deathridge,tdeathridgem9@stanford.edu,Male,36.245.47.236
803,Catrina,Bunning,cbunningma@cornell.edu,Female,230.30.26.157
804,Cale,Hinchcliffe,chinchcliffemb@intel.com,Male,93.126.211.234
805,Carolus,Hollyar,chollyarmc@tiny.cc,Male,51.15.244.192
806,Cobby,MacSharry,cmacsharrymd@hp.com,Genderqueer,152.249.228.225
807,Tybie,Ivanets,tivanetsme@lycos.com,Female,235.146.173.78
808,Georgianne,Luxon,gluxonmf@example.com,Non-binary,125.75.175.137
809,Maximo,Easterling,measterlingmg@mail.ru,Male,79.138.192.20
810,Carine,Skuce,cskucemh@seattletimes.com,Female,39.86.217.139
811,Quinn,Ashwell,qashwellmi@geocities.com,Male,216.178.134.43
812,Jephthah,Ratt,jrattmj@prnewswire.com,Male,8.56.67.144
813,Nap,Meighan,nmeighanmk@yandex.ru,Male,125.251.124.172
814,Asia,Wrintmore,awrintmoreml@nps.gov,Female,81.62.58.110
815,Averil,Halbert,ahalbertmm@list-manage.com,Female,241.124.194.151
816,Francklyn,Shuttell,fshuttellmn@123-reg.co.uk,Male,242.226.179.19
817,Mycah,Routham,mrouthammo@intel.com,Male,168.246.94.194
818,Wynn,Colcomb,wcolcombmp@msn.com,Male,5.28.125.94
819,Glory,Marcam,gmarcammq@behance.net,Female,211.189.237.91
820,Fedora,Flucker,ffluckermr@usgs.gov,Female,38.185.194.236
821,Nicolais,Blancowe,nblancowems@godaddy.com,Male,198.87.156.58
822,Kym,Cardozo,kcardozomt@ucla.edu,Female,44.237.13.240
823,Cathleen,Kelway,ckelwaymu@multiply.com,Female,58.79.31.138
824,Toinette,Tewkesbury,ttewkesburymv@purevolume.com,Genderfluid,88.12.86.100
825,Charlena,Daid,cdaidmw@foxnews.com,Female,114.101.225.22
826,Hersch,Cocksedge,hcocksedgemx@smh.com.au,Male,173.2.131.72
827,Khalil,Goodie,kgoodiemy@cdc.gov,Male,95.243.27.138
828,Jozef,Abramovitch,jabramovitchmz@arstechnica.com,Male,77.223.142.65
829,Hewe,Doidge,hdoidgen0@ow.ly,Male,47.141.127.195
830,Julienne,Spinello,jspinellon1@omniture.com,Female,226.197.169.82
831,Frasquito,Fewings,ffewingsn2@arizona.edu,Polygender,168.218.198.25
832,Corabel,Dorie,cdorien3@studiopress.com,Female,236.190.169.208
833,Shurlocke,Rambadt,srambadtn4@biglobe.ne.jp,Male,220.28.24.192
834,Victoria,Sanchis,vsanchisn5@aboutads.info,Female,27.131.105.161
835,Abbott,Millhouse,amillhousen6@loc.gov,Male,240.16.6.90
836,Ileana,McAuliffe,imcauliffen7@trellian.com,Female,173.248.245.218
837,Alejandra,Shoutt,ashouttn8@sina.com.cn,Female,54.230.176.28
838,Winny,Gouldthorpe,wgouldthorpen9@geocities.com,Male,99.29.50.63
839,Franny,Luberto,flubertona@odnoklassniki.ru,Male,142.189.180.88
840,Ximenes,Barke,xbarkenb@netvibes.com,Male,137.122.242.81
841,Bartel,Eccleston,becclestonnc@tiny.cc,Male,37.248.99.98
842,Maryrose,Exeter,mexeternd@freewebs.com,Female,147.237.168.180
843,Thibaut,O'Fallon,tofallonne@squarespace.com,Male,58.146.255.116
844,Aubree,Burgher,aburghernf@free.fr,Female,231.178.72.87
845,Kerwinn,Vannuchi,kvannuching@fema.gov,Male,75.220.138.242
846,Kiele,Markie,kmarkienh@constantcontact.com,Female,171.139.247.206
847,Nyssa,Craine,ncraineni@yahoo.com,Bigender,29.92.211.187
848,Cart,Simoncelli,csimoncellinj@ehow.com,Male,255.112.160.42
849,Arlina,Thys,athysnk@vistaprint.com,Female,147.138.3.189
850,Xylia,Guidelli,xguidellinl@last.fm,Female,37.106.222.202
851,Shanta,Leyton,sleytonnm@toplist.cz,Female,253.182.84.175
852,Mikey,Cavet,mcavetnn@npr.org,Male,115.212.125.21
853,Padriac,Papis,ppapisno@newsvine.com,Genderqueer,161.57.11.116
854,Sybilla,Deeth,sdeethnp@vk.com,Female,129.9.125.211
855,Liuka,Gauchier,lgauchiernq@eventbrite.com,Non-binary,125.87.229.78
856,Cleve,Sueter,csueternr@vk.com,Male,134.226.243.21
857,Genny,Vautin,gvautinns@netscape.com,Non-binary,49.199.24.201
858,Currey,Caldicott,ccaldicottnt@oracle.com,Polygender,79.9.173.114
859,Codee,Antoni,cantoninu@hud.gov,Female,116.206.146.26
860,Lari,Thurstance,lthurstancenv@nytimes.com,Female,219.25.170.187
861,Matias,Winteringham,mwinteringhamnw@tinypic.com,Male,231.78.102.124
862,Adolpho,Cuckoo,acuckoonx@narod.ru,Male,60.57.144.241
863,Wittie,Picton,wpictonny@pen.io,Male,33.42.1.161
864,Edsel,Galbraith,egalbraithnz@google.pl,Male,253.8.63.191
865,Brand,Yates,byateso0@devhub.com,Male,161.37.186.132
866,Jorie,Wynn,jwynno1@businessinsider.com,Female,204.42.111.233
867,Nelson,Klauer,nklauero2@pbs.org,Male,67.183.102.134
868,Carroll,Thursby,cthursbyo3@omniture.com,Female,176.7.210.96
869,Nertie,Gownge,ngowngeo4@devhub.com,Female,47.96.157.244
870,Eugenia,Vigours,evigourso5@army.mil,Female,62.17.224.236
871,Baird,Seamen,bseameno6@hubpages.com,Male,212.30.80.107
872,Laurence,Fluger,lflugero7@eepurl.com,Male,33.133.158.220
873,Dacey,Trematick,dtrematicko8@nba.com,Female,169.149.209.76
874,Daniela,McDougald,dmcdougaldo9@pcworld.com,Female,118.89.167.148
875,Bern,Di Filippo,bdifilippooa@epa.gov,Male,125.203.214.39
876,Stanislas,Coppock.,scoppockob@java.com,Male,11.128.107.108
877,Clayborne,Urey,cureyoc@shop-pro.jp,Male,174.211.173.186
878,Boycie,Pierri,bpierriod@nps.gov,Male,229.37.185.214
879,Wood,MacAlaster,wmacalasteroe@usda.gov,Male,129.83.195.157
880,Dino,Budd,dbuddof@forbes.com,Male,24.121.239.128
881,Hadrian,Scaysbrook,hscaysbrookog@odnoklassniki.ru,Genderqueer,120.23.155.16
882,Meridith,Vain,mvainoh@reuters.com,Female,110.115.95.252
883,Ches,Dominy,cdominyoi@linkedin.com,Male,44.22.136.47
884,Daisi,Huccaby,dhuccabyoj@1688.com,Female,71.63.190.11
885,Toinette,Breeder,tbreederok@gov.uk,Female,74.185.96.19
886,Angelico,Yantsev,ayantsevol@sun.com,Male,186.161.91.26
887,Mala,Michiel,mmichielom@furl.net,Female,246.61.90.53
888,Lovell,Beckers,lbeckerson@networkadvertising.org,Male,5.16.163.206
889,Stirling,Manthroppe,smanthroppeoo@vk.com,Male,160.70.146.69
890,Amy,Ritchard,aritchardop@youku.com,Female,22.254.180.24
891,Tait,Gledhill,tgledhilloq@w3.org,Bigender,47.69.246.155
892,Kimmy,McElrath,kmcelrathor@blogs.com,Female,254.219.91.231
893,Hedda,Gyver,hgyveros@1und1.de,Female,38.36.28.249
894,Yance,Wrate,ywrateot@squarespace.com,Male,107.213.160.90
895,Liza,Braker,lbrakerou@surveymonkey.com,Female,132.77.144.221
896,Nester,Kitchenman,nkitchenmanov@wordpress.org,Male,142.216.43.252
897,Merrielle,Sotworth,msotworthow@netlog.com,Female,105.124.4.93
898,Roderick,Margrem,rmargremox@netscape.com,Male,13.157.227.204
899,Thea,Fallows,tfallowsoy@newyorker.com,Female,105.160.170.14
900,Dael,Lippitt,dlippittoz@shutterfly.com,Male,111.79.25.126
901,Tedd,Spellissy,tspellissyp0@bloglovin.com,Male,30.172.228.137
902,Sansone,Fihelly,sfihellyp1@ucsd.edu,Male,69.245.177.117
903,Mort,Schubbert,mschubbertp2@earthlink.net,Male,237.36.35.122
904,Claretta,Storcke,cstorckep3@bbc.co.uk,Polygender,143.129.205.11
905,Catherina,Ironmonger,cironmongerp4@tinyurl.com,Female,70.169.225.150
906,Warner,Dougary,wdougaryp5@imdb.com,Male,232.217.121.71
907,Dania,Kornyshev,dkornyshevp6@wiley.com,Female,66.238.139.159
908,Onofredo,Otterwell,ootterwellp7@squarespace.com,Polygender,144.209.117.177
909,Jervis,Reddyhoff,jreddyhoffp8@independent.co.uk,Male,92.27.177.223
910,Cordi,Turney,cturneyp9@macromedia.com,Female,176.246.207.126
911,Wendel,Sparrowhawk,wsparrowhawkpa@barnesandnoble.com,Male,138.200.78.158
912,Free,Courson,fcoursonpb@ebay.co.uk,Male,198.14.183.193
913,Cecilius,Oldaker,coldakerpc@jalbum.net,Male,5.194.74.48
914,Nickolai,Nother,nnotherpd@phpbb.com,Male,174.131.69.207
915,Annis,Vannini,avanninipe@prweb.com,Female,136.131.112.31
916,Rainer,Sola,rsolapf@pcworld.com,Polygender,252.79.18.104
917,Howard,Bondesen,hbondesenpg@hostgator.com,Male,129.128.109.37
918,Cristy,Oret,coretph@sogou.com,Female,79.248.210.127
919,Ignace,Lambourn,ilambournpi@unblog.fr,Male,81.142.93.226
920,Sally,Paradise,sparadisepj@ezinearticles.com,Female,175.7.245.76
921,Lexine,Juniper,ljuniperpk@indiatimes.com,Female,132.228.33.224
922,Quentin,Inmett,qinmettpl@nytimes.com,Male,234.76.251.85
923,Joice,Twining,jtwiningpm@slashdot.org,Female,214.78.211.111
924,Kellyann,Georgel,kgeorgelpn@tinyurl.com,Female,120.246.53.139
925,Vince,Farrent,vfarrentpo@wikispaces.com,Male,70.76.213.50
926,Annnora,Sennett,asennettpp@weebly.com,Female,145.207.254.249
927,Celestine,Rostron,crostronpq@icq.com,Female,134.224.75.87
928,Simmonds,Vollam,svollampr@constantcontact.com,Agender,122.162.158.47
929,Vitia,Bartul,vbartulps@spiegel.de,Female,225.49.239.171
930,Paige,Twopenny,ptwopennypt@economist.com,Female,241.159.183.53
931,Mirabel,Dykas,mdykaspu@nsw.gov.au,Female,182.76.198.138
932,Hildagarde,Shoppee,hshoppeepv@themeforest.net,Agender,239.94.94.162
933,Cory,Rosini,crosinipw@senate.gov,Male,194.37.152.179
934,Lark,Tapsfield,ltapsfieldpx@fema.gov,Female,74.120.100.246
935,Pia,Gulk,pgulkpy@dropbox.com,Genderfluid,108.48.112.181
936,Lorry,Setchfield,lsetchfieldpz@vinaora.com,Male,67.46.137.83
937,Rayner,Wallsworth,rwallsworthq0@plala.or.jp,Polygender,118.185.108.19
938,Briny,Burnhard,bburnhardq1@columbia.edu,Female,206.67.190.126
939,Rurik,Dawley,rdawleyq2@aboutads.info,Male,220.118.255.82
940,Elyse,Tosspell,etosspellq3@youtube.com,Female,193.218.39.67
941,Jacquenette,Soutter,jsoutterq4@devhub.com,Female,254.229.73.227
942,Lurleen,Moggach,lmoggachq5@zdnet.com,Female,244.76.163.170
943,Vick,Aronov,varonovq6@squarespace.com,Male,116.212.225.117
944,Karrie,Kennaway,kkennawayq7@slashdot.org,Female,245.59.235.211
945,Lacie,Storres,lstorresq8@networksolutions.com,Agender,28.202.203.225
946,Simmonds,Kurton,skurtonq9@engadget.com,Male,95.125.192.231
947,Mattheus,Burgane,mburganeqa@newyorker.com,Male,71.194.222.236
948,Homerus,Thireau,hthireauqb@newyorker.com,Male,146.92.180.240
949,Barn,Wankling,bwanklingqc@com.com,Genderqueer,8.90.116.188
950,Rodger,Curmi,rcurmiqd@nasa.gov,Male,63.47.238.83
951,Woodie,Ryott,wryottqe@skype.com,Male,201.211.28.21
952,Silas,Eickhoff,seickhoffqf@parallels.com,Male,52.215.72.25
953,Kettie,Devenish,kdevenishqg@umich.edu,Female,164.77.209.166
954,Nanete,Tressler,ntresslerqh@nymag.com,Female,63.39.139.240
955,Hugo,Pettisall,hpettisallqi@xing.com,Male,22.249.97.32
956,Bernie,McGeraghty,bmcgeraghtyqj@intel.com,Female,141.107.113.19
957,Lotti,Ancell,lancellqk@sitemeter.com,Female,234.119.98.234
958,Rudy,Heymes,rheymesql@theguardian.com,Male,87.225.77.143
959,Angeli,Pottiphar,apottipharqm@bbc.co.uk,Male,253.241.43.123
960,Muire,Blyde,mblydeqn@blinklist.com,Female,42.230.57.42
961,Seward,Darleston,sdarlestonqo@mac.com,Male,87.21.55.175
962,Cornelle,Fulton,cfultonqp@themeforest.net,Female,31.164.246.8
963,Herve,Schoolfield,hschoolfieldqq@prlog.org,Male,98.52.14.202
964,Donella,Gillbee,dgillbeeqr@tmall.com,Female,43.127.111.164
965,Englebert,Hancock,ehancockqs@dedecms.com,Agender,133.211.26.249
966,Link,Shard,lshardqt@usatoday.com,Male,16.235.10.2
967,Orion,Todhunter,otodhunterqu@addthis.com,Male,147.139.39.91
968,Abigale,Bonefant,abonefantqv@freewebs.com,Female,114.139.58.109
969,Carl,Vaskov,cvaskovqw@toplist.cz,Male,101.66.195.137
970,Jania,O'Duggan,jodugganqx@bravesites.com,Female,223.185.183.173
971,Buiron,Senecaut,bsenecautqy@friendfeed.com,Agender,170.175.249.150
972,Dunn,Braden,dbradenqz@rediff.com,Male,146.57.91.115
973,Perle,Loveday,plovedayr0@vistaprint.com,Genderqueer,118.124.140.239
974,Kalina,Camoys,kcamoysr1@drupal.org,Female,148.47.11.144
975,Westleigh,Carsey,wcarseyr2@ustream.tv,Male,26.253.143.116
976,Ruddy,Haugen,rhaugenr3@alexa.com,Polygender,184.131.84.37
977,Elfie,Spada,espadar4@china.com.cn,Female,202.174.21.243
978,Courtnay,McKern,cmckernr5@psu.edu,Male,104.137.108.221
979,Cally,Heymann,cheymannr6@noaa.gov,Female,128.118.19.86
980,Shermy,Lambregts,slambregtsr7@rambler.ru,Male,146.30.181.212
981,Dev,Lindstedt,dlindstedtr8@netlog.com,Male,113.20.52.157
982,Filmore,Arnaudin,farnaudinr9@bing.com,Male,205.250.46.143
983,Kathye,Dikle,kdiklera@wordpress.com,Female,60.115.235.67
984,Gisela,Blythe,gblytherb@acquirethisname.com,Female,249.60.205.170
985,Troy,Alberts,talbertsrc@opera.com,Male,14.67.20.32
986,Caterina,McJerrow,cmcjerrowrd@merriam-webster.com,Female,255.7.142.186
987,Letitia,Longson,llongsonre@hibu.com,Female,64.137.96.249
988,Gladi,Viscovi,gviscovirf@t.co,Female,139.117.133.219
989,Elmo,Vaux,evauxrg@nymag.com,Male,214.145.25.58
990,Damita,Rowett,drowettrh@google.fr,Female,59.177.175.17
991,Maxine,Chessell,mchessellri@dailymotion.com,Female,114.43.138.175
992,Westbrook,Timny,wtimnyrj@tumblr.com,Male,238.102.232.130
993,Davon,Heffy,dheffyrk@globo.com,Male,208.90.120.147
994,Persis,Lipgens,plipgensrl@kickstarter.com,Female,187.20.115.110
995,Lyndell,Hoodless,lhoodlessrm@moonfruit.com,Female,152.50.217.32
996,Shane,Akaster,sakasterrn@globo.com,Female,150.83.239.170
997,Bank,Elener,belenerro@reddit.com,Genderfluid,34.39.180.218
998,Caldwell,Langcastle,clangcastlerp@tripadvisor.com,Genderqueer,66.8.50.249
999,Celisse,Presnall,cpresnallrq@statcounter.com,Female,144.38.17.156
1000,Cyril,Polotti,cpolottirr@shop-pro.jp,Male,200.27.5.219
